Start Time,Stop Time,Initial Speaker,From,To,Protocol,Duration,Packets,State,Comments
59.69743,59.701331,10.200.110.100,"""bot28"" <sip:bot28@10.200.110.100>",<sip:bot38@10.200.110.111>,SIP,12:00:00 AM,3,REJECTED,INVITE 401
59.984024,143.484599,10.200.110.100,"""bot36"" <sip:bot36@10.200.110.100>",<sip:bot26@10.200.110.111>,SIP,12:01:23 AM,10,COMPLETED,INVITE 401 200
59.998879,143.503701,10.200.110.111,"""bot36"" <sip:bot36@10.200.110.111>",<sip:bot26@10.200.110.100:8526>,SIP,12:01:23 AM,7,COMPLETED,INVITE 200
60.010094,500.399987,10.200.110.100,"""bot39"" <sip:bot39@10.200.110.100>",<sip:bot32@10.200.110.111>,SIP,12:07:20 AM,10,COMPLETED,INVITE 401 200
60.016218,500.418184,10.200.110.111,"""bot39"" <sip:bot39@10.200.110.111>",<sip:bot32@10.200.110.100:8532>,SIP,12:07:20 AM,7,COMPLETED,INVITE 200
119.723015,204.023364,10.200.110.100,"""bot33"" <sip:bot33@10.200.110.100>",<sip:bot37@10.200.110.111>,SIP,12:01:24 AM,10,COMPLETED,INVITE 401 200
119.730098,204.041473,10.200.110.111,"""bot33"" <sip:bot33@10.200.110.111>",<sip:bot37@10.200.110.100:8537>,SIP,12:01:24 AM,7,COMPLETED,INVITE 200
119.803853,119.820746,10.200.110.100,"""bot42"" <sip:bot42@10.200.110.100>",<sip:bot48@10.200.110.111>,SIP,12:00:00 AM,7,REJECTED,INVITE 401 480
119.816815,193.09035,10.200.110.100,"""bot27"" <sip:bot27@10.200.110.100>",<sip:bot37@10.200.110.111>,SIP,12:01:13 AM,10,COMPLETED,INVITE 401 200
119.823424,193.109463,10.200.110.111,"""bot27"" <sip:bot27@10.200.110.111>",<sip:bot37@10.200.110.100:8537>,SIP,12:01:13 AM,7,COMPLETED,INVITE 200
119.897619,255.188371,10.200.110.100,"""bot30"" <sip:bot30@10.200.110.100>",<sip:bot41@10.200.110.111>,SIP,12:02:15 AM,10,COMPLETED,INVITE 401 200
119.904866,255.201407,10.200.110.111,"""bot30"" <sip:bot30@10.200.110.111>",<sip:bot41@10.200.110.100:8541>,SIP,12:02:15 AM,7,COMPLETED,INVITE 200
179.756894,184.289362,10.200.110.100,"""bot31"" <sip:bot31@10.200.110.100>",<sip:bot41@10.200.110.111>,SIP,12:00:04 AM,7,REJECTED,INVITE 401 486
179.764029,184.283275,10.200.110.111,"""bot31"" <sip:bot31@10.200.110.111>",<sip:bot41@10.200.110.100:8541>,SIP,12:00:04 AM,4,REJECTED,INVITE 486
179.819269,427.120452,10.200.110.100,"""bot29"" <sip:bot29@10.200.110.100>",<sip:bot29@10.200.110.111>,SIP,12:04:07 AM,10,COMPLETED,INVITE 401 200
179.825882,427.136356,10.200.110.111,"""bot29"" <sip:bot29@10.200.110.111>",<sip:bot29@10.200.110.100:8529>,SIP,12:04:07 AM,7,COMPLETED,INVITE 200
179.842204,186.738184,10.200.110.100,"""bot40"" <sip:bot40@10.200.110.100>",<sip:bot37@10.200.110.111>,SIP,12:00:06 AM,7,REJECTED,INVITE 401 486
179.848713,186.732067,10.200.110.111,"""bot40"" <sip:bot40@10.200.110.111>",<sip:bot37@10.200.110.100:8537>,SIP,12:00:06 AM,4,REJECTED,INVITE 486
179.860343,179.867238,10.200.110.100,"""bot41"" <sip:bot41@10.200.110.100>",<sip:bot23@10.200.110.111>,SIP,12:00:00 AM,7,REJECTED,INVITE 401 480
179.861764,370.232885,10.200.110.100,"""bot43"" <sip:bot43@10.200.110.100>",<sip:bot26@10.200.110.111>,SIP,12:03:10 AM,10,COMPLETED,INVITE 401 200
179.982762,737.647157,10.200.110.100,"""bot35"" <sip:bot35@10.200.110.100>",<sip:bot42@10.200.110.111>,SIP,12:09:17 AM,10,COMPLETED,INVITE 401 200
179.990267,737.664935,10.200.110.111,"""bot35"" <sip:bot35@10.200.110.111>",<sip:bot42@10.200.110.100:8542>,SIP,12:09:17 AM,7,COMPLETED,INVITE 200
239.693293,606.689115,10.200.110.111,"""bot26"" <sip:bot26@10.200.110.111>",<sip:bot33@10.200.110.100:8533>,SIP,12:06:06 AM,7,COMPLETED,INVITE 200
239.85415,240.034917,10.200.110.100,"""bot45"" <sip:bot45@10.200.110.100>",<sip:bot23@10.200.110.111>,SIP,12:00:00 AM,7,REJECTED,INVITE 401 480
239.855369,250.191023,10.200.110.100,"""bot32"" <sip:bot32@10.200.110.100>",<sip:bot29@10.200.110.111>,SIP,12:00:10 AM,7,REJECTED,INVITE 401 486
239.930125,240.031647,10.200.110.100,"""bot37"" <sip:bot37@10.200.110.100>",<sip:bot40@10.200.110.111>,SIP,12:00:00 AM,3,REJECTED,INVITE 401
239.966147,240.037884,10.200.110.100,"""bot25"" <sip:bot25@10.200.110.100>",<sip:bot48@10.200.110.111>,SIP,12:00:00 AM,7,REJECTED,INVITE 401 480
240.021222,250.185062,10.200.110.111,"""bot32"" <sip:bot32@10.200.110.111>",<sip:bot29@10.200.110.100:8529>,SIP,12:00:10 AM,4,REJECTED,INVITE 486
299.817216,741.330889,10.200.110.100,"""bot38"" <sip:bot38@10.200.110.100>",<sip:bot44@10.200.110.111>,SIP,12:07:21 AM,10,COMPLETED,INVITE 401 200
299.823913,741.344099,10.200.110.111,"""bot38"" <sip:bot38@10.200.110.111>",<sip:bot44@10.200.110.100:8544>,SIP,12:07:21 AM,7,COMPLETED,INVITE 200
299.95838,299.966444,10.200.110.100,"""bot34"" <sip:bot34@10.200.110.100>",<sip:bot47@10.200.110.111>,SIP,12:00:00 AM,7,REJECTED,INVITE 401 480
299.993495,300.008302,10.200.110.100,"""bot44"" <sip:bot44@10.200.110.100>",<sip:bot49@10.200.110.111>,SIP,12:00:00 AM,7,REJECTED,INVITE 401 480
599.852154,678.329052,10.200.110.100,"""bot40"" <sip:bot40@10.200.110.100>",<sip:bot29@10.200.110.111>,SIP,12:01:18 AM,10,COMPLETED,INVITE 401 200
599.857976,678.346493,10.200.110.111,"""bot40"" <sip:bot40@10.200.110.111>",<sip:bot29@10.200.110.100:8529>,SIP,12:01:18 AM,9,COMPLETED,INVITE 200
719.997766,720.097129,10.200.110.100,"""bot44"" <sip:bot44@10.200.110.100>",<sip:bot31@10.200.110.111>,SIP,12:00:00 AM,3,REJECTED,INVITE 401
839.706963,1087.654232,10.200.110.100,"""bot28"" <sip:bot28@10.200.110.100>",<sip:bot25@10.200.110.111>,SIP,12:04:07 AM,10,COMPLETED,INVITE 401 200
839.71826,1087.672364,10.200.110.111,"""bot28"" <sip:bot28@10.200.110.111>",<sip:bot25@10.200.110.100:8525>,SIP,12:04:07 AM,7,COMPLETED,INVITE 200
839.861581,840.03888,10.200.110.100,"""bot32"" <sip:bot32@10.200.110.100>",<sip:bot23@10.200.110.111>,SIP,12:00:00 AM,3,REJECTED,INVITE 401
959.988602,1388.377782,10.200.110.100,"""bot36"" <sip:bot36@10.200.110.100>",<sip:bot29@10.200.110.111>,SIP,12:07:08 AM,10,COMPLETED,INVITE 401 200
1019.858653,1019.926019,10.200.110.100,"""bot45"" <sip:bot45@10.200.110.100>",<sip:bot20@10.200.110.111>,SIP,12:00:00 AM,3,REJECTED,INVITE 401
1079.702452,1447.946884,10.200.110.111,"""bot26"" <sip:bot26@10.200.110.111>",<sip:bot40@10.200.110.100:8540>,SIP,12:06:08 AM,7,COMPLETED,INVITE 200
1079.763689,1216.762473,10.200.110.100,"""bot31"" <sip:bot31@10.200.110.100>",<sip:bot41@10.200.110.111>,SIP,12:02:16 AM,10,COMPLETED,INVITE 401 200
1079.776246,1216.776117,10.200.110.111,"""bot31"" <sip:bot31@10.200.110.111>",<sip:bot41@10.200.110.100:8541>,SIP,12:02:16 AM,7,COMPLETED,INVITE 200
1080.01639,1080.038784,10.200.110.100,"""bot39"" <sip:bot39@10.200.110.100>",<sip:bot21@10.200.110.111>,SIP,12:00:00 AM,7,REJECTED,INVITE 401 480
1139.935746,1275.737304,10.200.110.100,"""bot37"" <sip:bot37@10.200.110.100>",<sip:bot45@10.200.110.111>,SIP,12:02:15 AM,10,COMPLETED,INVITE 401 200
1140.034628,1275.755366,10.200.110.111,"""bot37"" <sip:bot37@10.200.110.111>",<sip:bot45@10.200.110.100:8545>,SIP,12:02:15 AM,7,COMPLETED,INVITE 200
1199.970685,1208.520376,10.200.110.100,"""bot25"" <sip:bot25@10.200.110.100>",<sip:bot45@10.200.110.111>,SIP,12:00:08 AM,7,REJECTED,INVITE 401 486
1199.988194,1208.515192,10.200.110.111,"""bot25"" <sip:bot25@10.200.110.111>",<sip:bot45@10.200.110.100:8545>,SIP,12:00:08 AM,4,REJECTED,INVITE 486
1319.810682,1930.077147,10.200.110.100,"""bot42"" <sip:bot42@10.200.110.100>",<sip:bot30@10.200.110.111>,SIP,12:10:10 AM,10,COMPLETED,INVITE 401 200
1379.962319,1379.98005,10.200.110.100,"""bot34"" <sip:bot34@10.200.110.100>",<sip:bot21@10.200.110.111>,SIP,12:00:00 AM,7,REJECTED,INVITE 401 480
1439.822787,1439.839582,10.200.110.100,"""bot38"" <sip:bot38@10.200.110.100>",<sip:bot47@10.200.110.111>,SIP,12:00:00 AM,7,REJECTED,INVITE 401 480
1439.861086,1697.406528,10.200.110.100,"""bot40"" <sip:bot40@10.200.110.100>",<sip:bot37@10.200.110.111>,SIP,12:04:17 AM,10,COMPLETED,INVITE 401 200
1439.885505,1697.42428,10.200.110.111,"""bot40"" <sip:bot40@10.200.110.111>",<sip:bot37@10.200.110.100:8537>,SIP,12:04:17 AM,7,COMPLETED,INVITE 200
1499.985206,1499.990472,10.200.110.100,"""bot35"" <sip:bot35@10.200.110.100>",<sip:bot49@10.200.110.111>,SIP,12:00:00 AM,7,REJECTED,INVITE 401 480
1559.714024,1568.039215,10.200.110.111,"""bot26"" <sip:bot26@10.200.110.111>",<sip:bot37@10.200.110.100:8537>,SIP,12:00:08 AM,4,REJECTED,INVITE 486
1559.86514,1820.032182,10.200.110.100,"""bot41"" <sip:bot41@10.200.110.100>",<sip:bot38@10.200.110.111>,SIP,12:04:20 AM,10,COMPLETED,INVITE 401 200
1559.877161,1820.050008,10.200.110.111,"""bot41"" <sip:bot41@10.200.110.111>",<sip:bot38@10.200.110.100:8538>,SIP,12:04:20 AM,7,COMPLETED,INVITE 200
1619.838792,2060.812208,10.200.110.111,"""bot29"" <sip:bot29@10.200.110.111>",<sip:bot39@10.200.110.100:8539>,SIP,12:07:20 AM,7,COMPLETED,INVITE 200
1619.867943,1702.66638,10.200.110.100,"""bot32"" <sip:bot32@10.200.110.100>",<sip:bot40@10.200.110.111>,SIP,12:01:22 AM,10,COMPLETED,INVITE 401 200
1619.878367,1702.675346,10.200.110.111,"""bot32"" <sip:bot32@10.200.110.111>",<sip:bot40@10.200.110.100:8540>,SIP,12:01:22 AM,7,COMPLETED,INVITE 200
1679.86976,2122.089166,10.200.110.100,"""bot45"" <sip:bot45@10.200.110.100>",<sip:bot33@10.200.110.111>,SIP,12:07:22 AM,10,COMPLETED,INVITE 401 200
1679.881238,2122.106801,10.200.110.111,"""bot45"" <sip:bot45@10.200.110.111>",<sip:bot33@10.200.110.100:8533>,SIP,12:07:22 AM,7,COMPLETED,INVITE 200
1739.8704,1744.442096,10.200.110.100,"""bot43"" <sip:bot43@10.200.110.100>",<sip:bot39@10.200.110.111>,SIP,12:00:04 AM,7,REJECTED,INVITE 401 486
1739.883129,1744.436868,10.200.110.111,"""bot43"" <sip:bot43@10.200.110.111>",<sip:bot39@10.200.110.100:8539>,SIP,12:00:04 AM,4,REJECTED,INVITE 486
1799.732323,1807.807206,10.200.110.100,"""bot33"" <sip:bot33@10.200.110.100>",<sip:bot33@10.200.110.111>,SIP,12:00:08 AM,7,REJECTED,INVITE 401 486
1799.74625,1807.802065,10.200.110.111,"""bot33"" <sip:bot33@10.200.110.111>",<sip:bot33@10.200.110.100:8533>,SIP,12:00:08 AM,4,REJECTED,INVITE 486
1800.003033,2052.490528,10.200.110.100,"""bot44"" <sip:bot44@10.200.110.100>",<sip:bot44@10.200.110.111>,SIP,12:04:12 AM,10,COMPLETED,INVITE 401 200
1800.013522,2052.506969,10.200.110.111,"""bot44"" <sip:bot44@10.200.110.111>",<sip:bot44@10.200.110.100:8544>,SIP,12:04:12 AM,7,COMPLETED,INVITE 200
1859.826746,1859.843373,10.200.110.100,"""bot27"" <sip:bot27@10.200.110.100>",<sip:bot49@10.200.110.111>,SIP,12:00:00 AM,7,REJECTED,INVITE 401 480
2039.971232,2040.05825,10.200.110.100,"""bot34"" <sip:bot34@10.200.110.100>",<sip:bot22@10.200.110.111>,SIP,12:00:00 AM,7,REJECTED,INVITE 401 480
2159.773372,2596.285532,10.200.110.100,"""bot31"" <sip:bot31@10.200.110.100>",<sip:bot43@10.200.110.111>,SIP,12:07:16 AM,10,COMPLETED,INVITE 401 200
2159.785439,2596.302552,10.200.110.111,"""bot31"" <sip:bot31@10.200.110.111>",<sip:bot43@10.200.110.100:8543>,SIP,12:07:16 AM,7,COMPLETED,INVITE 200
2219.716606,2219.732454,10.200.110.100,"""bot28"" <sip:bot28@10.200.110.100>",<sip:bot23@10.200.110.111>,SIP,12:00:00 AM,7,REJECTED,INVITE 401 480
2220.025651,2225.577168,10.200.110.111,"""bot44"" <sip:bot44@10.200.110.111>",<sip:bot43@10.200.110.100:8543>,SIP,12:00:05 AM,4,REJECTED,INVITE 486
2280.021815,2718.532771,10.200.110.100,"""bot39"" <sip:bot39@10.200.110.100>",<sip:bot39@10.200.110.111>,SIP,12:07:18 AM,10,COMPLETED,INVITE 401 200
2280.025735,2718.550369,10.200.110.111,"""bot39"" <sip:bot39@10.200.110.111>",<sip:bot39@10.200.110.100:8539>,SIP,12:07:18 AM,7,COMPLETED,INVITE 200
2339.821059,2650.861147,10.200.110.100,"""bot42"" <sip:bot42@10.200.110.100>",<sip:bot27@10.200.110.111>,SIP,12:05:11 AM,10,COMPLETED,INVITE 401 200
2339.83339,2650.879186,10.200.110.111,"""bot42"" <sip:bot42@10.200.110.111>",<sip:bot27@10.200.110.100:8527>,SIP,12:05:11 AM,7,COMPLETED,INVITE 200
2399.832183,2524.989304,10.200.110.100,"""bot38"" <sip:bot38@10.200.110.100>",<sip:bot40@10.200.110.111>,SIP,12:02:05 AM,10,COMPLETED,INVITE 401 200
2399.895163,2525.006755,10.200.110.111,"""bot38"" <sip:bot38@10.200.110.111>",<sip:bot40@10.200.110.100:8540>,SIP,12:02:05 AM,7,COMPLETED,INVITE 200
2399.94132,2408.181906,10.200.110.100,"""bot37"" <sip:bot37@10.200.110.100>",<sip:bot40@10.200.110.111>,SIP,12:00:08 AM,7,REJECTED,INVITE 401 486
2399.946982,2408.176876,10.200.110.111,"""bot37"" <sip:bot37@10.200.110.111>",<sip:bot40@10.200.110.100:8540>,SIP,12:00:08 AM,4,REJECTED,INVITE 486
2459.740488,2459.755495,10.200.110.100,"""bot33"" <sip:bot33@10.200.110.100>",<sip:bot46@10.200.110.111>,SIP,12:00:00 AM,7,REJECTED,INVITE 401 480
2459.885372,2459.977867,10.200.110.100,"""bot43"" <sip:bot43@10.200.110.100>",<sip:bot49@10.200.110.111>,SIP,12:00:00 AM,7,REJECTED,INVITE 401 480
2519.886332,2952.416226,10.200.110.100,"""bot41"" <sip:bot41@10.200.110.100>",<sip:bot32@10.200.110.111>,SIP,12:07:12 AM,10,COMPLETED,INVITE 401 200
2519.896995,2952.434211,10.200.110.111,"""bot41"" <sip:bot41@10.200.110.111>",<sip:bot32@10.200.110.100:8532>,SIP,12:07:12 AM,7,COMPLETED,INVITE 200
2579.873447,2902.337025,10.200.110.100,"""bot45"" <sip:bot45@10.200.110.100>",<sip:bot44@10.200.110.111>,SIP,12:05:22 AM,10,COMPLETED,INVITE 401 200
2580.00526,3186.666174,10.200.110.111,"""bot29"" <sip:bot29@10.200.110.111>",<sip:bot41@10.200.110.100:8541>,SIP,12:10:06 AM,7,COMPLETED,INVITE 200
2639.974908,2639.989817,10.200.110.100,"""bot25"" <sip:bot25@10.200.110.100>",<sip:bot20@10.200.110.111>,SIP,12:00:00 AM,7,REJECTED,INVITE 401 480
2699.868423,2708.741092,10.200.110.100,"""bot40"" <sip:bot40@10.200.110.100>",<sip:bot44@10.200.110.111>,SIP,12:00:08 AM,7,REJECTED,INVITE 401 486
2759.721978,3192.860843,10.200.110.111,"""bot26"" <sip:bot26@10.200.110.111>",<sip:bot28@10.200.110.100:8528>,SIP,12:07:13 AM,7,COMPLETED,INVITE 200
2879.726813,3013.07306,10.200.110.100,"""bot28"" <sip:bot28@10.200.110.100>",<sip:bot40@10.200.110.111>,SIP,12:02:13 AM,10,COMPLETED,INVITE 401 200
2879.738525,3013.09029,10.200.110.111,"""bot28"" <sip:bot28@10.200.110.111>",<sip:bot40@10.200.110.100:8540>,SIP,12:02:13 AM,7,COMPLETED,INVITE 200
2879.875052,2886.241741,10.200.110.100,"""bot32"" <sip:bot32@10.200.110.100>",<sip:bot41@10.200.110.111>,SIP,12:00:06 AM,7,REJECTED,INVITE 401 486
2879.993839,2886.237098,10.200.110.111,"""bot32"" <sip:bot32@10.200.110.111>",<sip:bot41@10.200.110.100:8541>,SIP,12:00:06 AM,4,REJECTED,INVITE 486
2939.834185,2943.213975,10.200.110.100,"""bot27"" <sip:bot27@10.200.110.100>",<sip:bot32@10.200.110.111>,SIP,12:00:03 AM,7,REJECTED,INVITE 401 486
2939.846778,2943.209062,10.200.110.111,"""bot27"" <sip:bot27@10.200.110.111>",<sip:bot32@10.200.110.100:8532>,SIP,12:00:03 AM,4,REJECTED,INVITE 486
3119.842471,3619.850913,10.200.110.100,"""bot38"" <sip:bot38@10.200.110.100>",<sip:bot35@10.200.110.111>,SIP,12:08:20 AM,10,COMPLETED,INVITE 401 200
3119.926997,3310.369434,10.200.110.111,"""bot30"" <sip:bot30@10.200.110.111>",<sip:bot39@10.200.110.100:8539>,SIP,12:03:10 AM,7,COMPLETED,INVITE 200
3239.828885,3239.95875,10.200.110.100,"""bot42"" <sip:bot42@10.200.110.100>",<sip:bot44@10.200.110.111>,SIP,12:00:00 AM,3,REJECTED,INVITE 401
3239.894261,3239.960588,10.200.110.100,"""bot41"" <sip:bot41@10.200.110.100>",<sip:bot21@10.200.110.111>,SIP,12:00:00 AM,7,REJECTED,INVITE 401 480
3240.027449,3240.034441,10.200.110.100,"""bot39"" <sip:bot39@10.200.110.100>",<sip:bot46@10.200.110.111>,SIP,12:00:00 AM,7,REJECTED,INVITE 401 480
3539.748823,4094.661306,10.200.110.100,"""bot33"" <sip:bot33@10.200.110.100>",<sip:bot29@10.200.110.111>,SIP,12:09:14 AM,10,COMPLETED,INVITE 401 200
3539.782067,4027.548061,10.200.110.100,"""bot31"" <sip:bot31@10.200.110.100>",<sip:bot28@10.200.110.111>,SIP,12:08:07 AM,10,COMPLETED,INVITE 401 200
3539.792911,4027.561674,10.200.110.111,"""bot31"" <sip:bot31@10.200.110.111>",<sip:bot28@10.200.110.100:8528>,SIP,12:08:07 AM,7,COMPLETED,INVITE 200
3539.883221,3854.453016,10.200.110.100,"""bot45"" <sip:bot45@10.200.110.100>",<sip:bot31@10.200.110.111>,SIP,12:05:14 AM,10,COMPLETED,INVITE 401 200
3539.894649,3854.470317,10.200.110.111,"""bot45"" <sip:bot45@10.200.110.111>",<sip:bot31@10.200.110.100:8531>,SIP,12:05:14 AM,9,COMPLETED,INVITE 200
3539.979626,3540.124864,10.200.110.100,"""bot34"" <sip:bot34@10.200.110.100>",<sip:bot21@10.200.110.111>,SIP,12:00:00 AM,7,REJECTED,INVITE 401 480
3659.950006,3669.02615,10.200.110.100,"""bot37"" <sip:bot37@10.200.110.100>",<sip:bot29@10.200.110.111>,SIP,12:00:09 AM,7,REJECTED,INVITE 401 486
3659.951411,3799.105454,10.200.110.111,"""bot29"" <sip:bot29@10.200.110.111>",<sip:bot34@10.200.110.100:8534>,SIP,12:02:19 AM,7,COMPLETED,INVITE 200
3719.894746,4342.755119,10.200.110.100,"""bot43"" <sip:bot43@10.200.110.100>",<sip:bot43@10.200.110.111>,SIP,12:10:22 AM,10,COMPLETED,INVITE 401 200
3719.977307,4342.772546,10.200.110.111,"""bot43"" <sip:bot43@10.200.110.111>",<sip:bot43@10.200.110.100:8543>,SIP,12:10:22 AM,7,COMPLETED,INVITE 200
3779.844467,3787.076778,10.200.110.100,"""bot27"" <sip:bot27@10.200.110.100>",<sip:bot28@10.200.110.111>,SIP,12:00:07 AM,7,REJECTED,INVITE 401 486
3779.855812,3787.072227,10.200.110.111,"""bot27"" <sip:bot27@10.200.110.111>",<sip:bot28@10.200.110.100:8528>,SIP,12:00:07 AM,6,REJECTED,INVITE 486
3839.732451,4151.098247,10.200.110.111,"""bot26"" <sip:bot26@10.200.110.111>",<sip:bot25@10.200.110.100:8525>,SIP,12:05:11 AM,7,COMPLETED,INVITE 200
3839.736956,3844.988401,10.200.110.100,"""bot28"" <sip:bot28@10.200.110.100>",<sip:bot43@10.200.110.111>,SIP,12:00:05 AM,7,REJECTED,INVITE 401 486
3839.746762,3844.983927,10.200.110.111,"""bot28"" <sip:bot28@10.200.110.111>",<sip:bot43@10.200.110.100:8543>,SIP,12:00:05 AM,4,REJECTED,INVITE 486
3959.852444,4218.171633,10.200.110.100,"""bot38"" <sip:bot38@10.200.110.100>",<sip:bot30@10.200.110.111>,SIP,12:04:18 AM,10,COMPLETED,INVITE 401 200
4019.876946,4019.930281,10.200.110.100,"""bot40"" <sip:bot40@10.200.110.100>",<sip:bot23@10.200.110.111>,SIP,12:00:00 AM,7,REJECTED,INVITE 401 480
4019.900132,4388.86637,10.200.110.100,"""bot41"" <sip:bot41@10.200.110.100>",<sip:bot33@10.200.110.111>,SIP,12:06:08 AM,10,COMPLETED,INVITE 401 200
4019.921893,4388.873503,10.200.110.111,"""bot41"" <sip:bot41@10.200.110.111>",<sip:bot33@10.200.110.100:8533>,SIP,12:06:08 AM,7,COMPLETED,INVITE 200
4079.983863,4205.09748,10.200.110.100,"""bot25"" <sip:bot25@10.200.110.100>",<sip:bot42@10.200.110.111>,SIP,12:02:05 AM,10,COMPLETED,INVITE 401 200
4079.995013,4205.113625,10.200.110.111,"""bot25"" <sip:bot25@10.200.110.111>",<sip:bot42@10.200.110.100:8542>,SIP,12:02:05 AM,7,COMPLETED,INVITE 200
4199.838193,4751.09498,10.200.110.100,"""bot42"" <sip:bot42@10.200.110.100>",<sip:bot44@10.200.110.111>,SIP,12:09:11 AM,10,COMPLETED,INVITE 401 200
4319.759304,4319.774038,10.200.110.100,"""bot33"" <sip:bot33@10.200.110.100>",<sip:bot47@10.200.110.111>,SIP,12:00:00 AM,7,REJECTED,INVITE 401 480
4439.863067,4757.43776,10.200.110.100,"""bot38"" <sip:bot38@10.200.110.100>",<sip:bot35@10.200.110.111>,SIP,12:05:17 AM,10,COMPLETED,INVITE 401 200
4439.882422,4765.140542,10.200.110.100,"""bot32"" <sip:bot32@10.200.110.100>",<sip:bot39@10.200.110.111>,SIP,12:05:25 AM,10,COMPLETED,INVITE 401 200
4439.892728,4440.024036,10.200.110.100,"""bot45"" <sip:bot45@10.200.110.100>",<sip:bot33@10.200.110.111>,SIP,12:00:00 AM,3,REJECTED,INVITE 401
4440.020925,4765.15798,10.200.110.111,"""bot32"" <sip:bot32@10.200.110.111>",<sip:bot39@10.200.110.100:8539>,SIP,12:05:25 AM,7,COMPLETED,INVITE 200
4500.03362,4500.040099,10.200.110.100,"""bot39"" <sip:bot39@10.200.110.100>",<sip:bot46@10.200.110.111>,SIP,12:00:00 AM,7,REJECTED,INVITE 401 480
4559.98834,4560.003633,10.200.110.100,"""bot34"" <sip:bot34@10.200.110.100>",<sip:bot21@10.200.110.111>,SIP,12:00:00 AM,7,REJECTED,INVITE 401 480
4619.789622,4935.312214,10.200.110.100,"""bot31"" <sip:bot31@10.200.110.100>",<sip:bot33@10.200.110.111>,SIP,12:05:15 AM,10,COMPLETED,INVITE 401 200
4619.801829,4935.329574,10.200.110.111,"""bot31"" <sip:bot31@10.200.110.111>",<sip:bot33@10.200.110.100:8533>,SIP,12:05:15 AM,7,COMPLETED,INVITE 200
4679.747385,5111.208837,10.200.110.100,"""bot28"" <sip:bot28@10.200.110.100>",<sip:bot37@10.200.110.111>,SIP,12:07:11 AM,10,COMPLETED,INVITE 401 200
4679.757568,5111.226338,10.200.110.111,"""bot28"" <sip:bot28@10.200.110.111>",<sip:bot37@10.200.110.100:8537>,SIP,12:07:11 AM,7,COMPLETED,INVITE 200
4739.741403,5292.385996,10.200.110.111,"""bot26"" <sip:bot26@10.200.110.111>",<sip:bot25@10.200.110.100:8525>,SIP,12:09:12 AM,7,COMPLETED,INVITE 200
4739.886557,4992.210019,10.200.110.100,"""bot40"" <sip:bot40@10.200.110.100>",<sip:bot26@10.200.110.111>,SIP,12:04:12 AM,10,COMPLETED,INVITE 401 200
4739.957768,5350.030082,10.200.110.100,"""bot37"" <sip:bot37@10.200.110.100>",<sip:bot26@10.200.110.111>,SIP,12:10:10 AM,10,COMPLETED,INVITE 401 200
4799.908222,5051.183442,10.200.110.100,"""bot41"" <sip:bot41@10.200.110.100>",<sip:bot29@10.200.110.111>,SIP,12:04:11 AM,10,COMPLETED,INVITE 401 200
4859.992773,4986.166922,10.200.110.100,"""bot25"" <sip:bot25@10.200.110.100>",<sip:bot44@10.200.110.111>,SIP,12:02:06 AM,10,COMPLETED,INVITE 401 200
4859.997888,4996.198707,10.200.110.111,"""bot29"" <sip:bot29@10.200.110.111>",<sip:bot34@10.200.110.100:8534>,SIP,12:02:16 AM,7,COMPLETED,INVITE 200
4919.8,4919.816075,10.200.110.100,"""bot31"" <sip:bot31@10.200.110.100>",<sip:bot24@10.200.110.111>,SIP,12:00:00 AM,7,REJECTED,INVITE 401 480
4919.873266,4919.887398,10.200.110.100,"""bot38"" <sip:bot38@10.200.110.100>",<sip:bot20@10.200.110.111>,SIP,12:00:00 AM,7,REJECTED,INVITE 401 480
4919.899718,4925.990901,10.200.110.100,"""bot43"" <sip:bot43@10.200.110.100>",<sip:bot34@10.200.110.111>,SIP,12:00:06 AM,7,REJECTED,INVITE 401 486
4919.903244,4925.985889,10.200.110.111,"""bot43"" <sip:bot43@10.200.110.111>",<sip:bot34@10.200.110.100:8534>,SIP,12:00:06 AM,6,REJECTED,INVITE 486
4979.901817,5600.735019,10.200.110.100,"""bot45"" <sip:bot45@10.200.110.100>",<sip:bot36@10.200.110.111>,SIP,12:10:20 AM,10,COMPLETED,INVITE 401 200
5039.999025,5040.097188,10.200.110.100,"""bot34"" <sip:bot34@10.200.110.100>",<sip:bot20@10.200.110.111>,SIP,12:00:00 AM,7,REJECTED,INVITE 401 480
5099.76948,5425.658018,10.200.110.100,"""bot33"" <sip:bot33@10.200.110.100>",<sip:bot34@10.200.110.111>,SIP,12:05:25 AM,10,COMPLETED,INVITE 401 200
5099.781228,5425.675376,10.200.110.111,"""bot33"" <sip:bot33@10.200.110.111>",<sip:bot34@10.200.110.100:8534>,SIP,12:05:25 AM,7,COMPLETED,INVITE 200
5099.892814,5589.379599,10.200.110.100,"""bot32"" <sip:bot32@10.200.110.100>",<sip:bot43@10.200.110.111>,SIP,12:08:09 AM,10,COMPLETED,INVITE 401 200
5099.904253,5589.397162,10.200.110.111,"""bot32"" <sip:bot32@10.200.110.111>",<sip:bot43@10.200.110.100:8543>,SIP,12:08:09 AM,7,COMPLETED,INVITE 200
5399.852584,5400.045031,10.200.110.100,"""bot27"" <sip:bot27@10.200.110.100>",<sip:bot46@10.200.110.111>,SIP,12:00:00 AM,7,REJECTED,INVITE 401 480
5399.91946,5400.038448,10.200.110.100,"""bot41"" <sip:bot41@10.200.110.100>",<sip:bot23@10.200.110.111>,SIP,12:00:00 AM,7,REJECTED,INVITE 401 480
5459.847392,5459.86336,10.200.110.100,"""bot42"" <sip:bot42@10.200.110.100>",<sip:bot46@10.200.110.111>,SIP,12:00:00 AM,7,REJECTED,INVITE 401 480
5519.877235,5954.726285,10.200.110.111,"""bot29"" <sip:bot29@10.200.110.111>",<sip:bot31@10.200.110.100:8531>,SIP,12:07:14 AM,7,COMPLETED,INVITE 200
5579.883539,5579.900985,10.200.110.100,"""bot38"" <sip:bot38@10.200.110.100>",<sip:bot49@10.200.110.111>,SIP,12:00:00 AM,7,REJECTED,INVITE 401 480
5699.89595,6127.235305,10.200.110.100,"""bot40"" <sip:bot40@10.200.110.100>",<sip:bot43@10.200.110.111>,SIP,12:07:07 AM,10,COMPLETED,INVITE 401 200
5699.962575,6127.249368,10.200.110.111,"""bot40"" <sip:bot40@10.200.110.111>",<sip:bot43@10.200.110.100:8543>,SIP,12:07:07 AM,7,COMPLETED,INVITE 200
5759.910368,6185.099149,10.200.110.100,"""bot43"" <sip:bot43@10.200.110.100>",<sip:bot30@10.200.110.111>,SIP,12:07:05 AM,10,COMPLETED,INVITE 401 200
5760.042431,6257.736841,10.200.110.100,"""bot39"" <sip:bot39@10.200.110.100>",<sip:bot36@10.200.110.111>,SIP,12:08:17 AM,10,COMPLETED,INVITE 401 200
5820.003026,6009.959445,10.200.110.100,"""bot25"" <sip:bot25@10.200.110.100>",<sip:bot35@10.200.110.111>,SIP,12:03:09 AM,10,COMPLETED,INVITE 401 200
5939.810134,5939.824715,10.200.110.100,"""bot31"" <sip:bot31@10.200.110.100>",<sip:bot49@10.200.110.111>,SIP,12:00:00 AM,7,REJECTED,INVITE 401 480
5939.857236,6315.752203,10.200.110.100,"""bot42"" <sip:bot42@10.200.110.100>",<sip:bot27@10.200.110.111>,SIP,12:06:15 AM,10,COMPLETED,INVITE 401 200
5939.866427,6315.769662,10.200.110.111,"""bot42"" <sip:bot42@10.200.110.111>",<sip:bot27@10.200.110.100:8527>,SIP,12:06:15 AM,7,COMPLETED,INVITE 200
6000.023249,6490.764504,10.200.110.111,"""bot35"" <sip:bot35@10.200.110.111>",<sip:bot28@10.200.110.100:8528>,SIP,12:08:10 AM,7,COMPLETED,INVITE 200
6000.027024,6085.307695,10.200.110.111,"""bot44"" <sip:bot44@10.200.110.111>",<sip:bot28@10.200.110.100:8528>,SIP,12:01:25 AM,7,COMPLETED,INVITE 200
6059.778023,6059.783578,10.200.110.100,"""bot33"" <sip:bot33@10.200.110.100>",<sip:bot48@10.200.110.111>,SIP,12:00:00 AM,7,REJECTED,INVITE 401 480
6239.908446,6678.210424,10.200.110.100,"""bot45"" <sip:bot45@10.200.110.100>",<sip:bot29@10.200.110.111>,SIP,12:07:18 AM,10,COMPLETED,INVITE 401 200
6239.977905,6605.271016,10.200.110.111,"""bot30"" <sip:bot30@10.200.110.111>",<sip:bot25@10.200.110.100:8525>,SIP,12:06:05 AM,7,COMPLETED,INVITE 200
6240.004529,6240.011947,10.200.110.100,"""bot34"" <sip:bot34@10.200.110.100>",<sip:bot49@10.200.110.111>,SIP,12:00:00 AM,7,REJECTED,INVITE 401 480
6359.755924,6623.580546,10.200.110.100,"""bot28"" <sip:bot28@10.200.110.100>",<sip:bot37@10.200.110.111>,SIP,12:04:23 AM,10,COMPLETED,INVITE 401 200
6359.767957,6623.598133,10.200.110.111,"""bot28"" <sip:bot28@10.200.110.111>",<sip:bot37@10.200.110.100:8537>,SIP,12:04:23 AM,7,COMPLETED,INVITE 200
6359.928925,6359.945529,10.200.110.100,"""bot41"" <sip:bot41@10.200.110.100>",<sip:bot20@10.200.110.111>,SIP,12:00:00 AM,7,REJECTED,INVITE 401 480
6359.965171,6359.989935,10.200.110.100,"""bot37"" <sip:bot37@10.200.110.100>",<sip:bot23@10.200.110.111>,SIP,12:00:00 AM,7,REJECTED,INVITE 401 480
6419.862807,6979.353451,10.200.110.100,"""bot27"" <sip:bot27@10.200.110.100>",<sip:bot26@10.200.110.111>,SIP,12:09:19 AM,10,COMPLETED,INVITE 401 200
6420.009332,6739.233346,10.200.110.100,"""bot25"" <sip:bot25@10.200.110.100>",<sip:bot42@10.200.110.111>,SIP,12:05:19 AM,10,COMPLETED,INVITE 401 200
6420.014745,6739.250039,10.200.110.111,"""bot25"" <sip:bot25@10.200.110.111>",<sip:bot42@10.200.110.100:8542>,SIP,12:05:19 AM,7,COMPLETED,INVITE 200
6479.890978,6479.897901,10.200.110.100,"""bot38"" <sip:bot38@10.200.110.100>",<sip:bot24@10.200.110.111>,SIP,12:00:00 AM,7,REJECTED,INVITE 401 480
6480.048586,6679.686954,10.200.110.100,"""bot39"" <sip:bot39@10.200.110.100>",<sip:bot33@10.200.110.111>,SIP,12:03:19 AM,10,COMPLETED,INVITE 401 200
6480.054547,6679.70442,10.200.110.111,"""bot39"" <sip:bot39@10.200.110.111>",<sip:bot33@10.200.110.100:8533>,SIP,12:03:19 AM,7,COMPLETED,INVITE 200
6839.920823,7149.943192,10.200.110.100,"""bot43"" <sip:bot43@10.200.110.100>",<sip:bot30@10.200.110.111>,SIP,12:05:10 AM,10,COMPLETED,INVITE 401 200
6840.034011,6982.067922,10.200.110.111,"""bot44"" <sip:bot44@10.200.110.111>",<sip:bot45@10.200.110.100:8545>,SIP,12:02:22 AM,7,COMPLETED,INVITE 200
6899.761099,7394.424593,10.200.110.111,"""bot26"" <sip:bot26@10.200.110.111>",<sip:bot39@10.200.110.100:8539>,SIP,12:08:14 AM,7,COMPLETED,INVITE 200
6899.971939,7031.5773,10.200.110.100,"""bot37"" <sip:bot37@10.200.110.100>",<sip:bot34@10.200.110.111>,SIP,12:02:11 AM,10,COMPLETED,INVITE 401 200
6899.97745,7031.594473,10.200.110.111,"""bot37"" <sip:bot37@10.200.110.111>",<sip:bot34@10.200.110.100:8534>,SIP,12:02:11 AM,7,COMPLETED,INVITE 200
6959.78833,6959.8014,10.200.110.100,"""bot33"" <sip:bot33@10.200.110.100>",<sip:bot24@10.200.110.111>,SIP,12:00:00 AM,7,REJECTED,INVITE 401 480
6960.009813,7273.842912,10.200.110.100,"""bot34"" <sip:bot34@10.200.110.100>",<sip:bot32@10.200.110.111>,SIP,12:05:13 AM,10,COMPLETED,INVITE 401 200
7019.817433,7019.824139,10.200.110.100,"""bot31"" <sip:bot31@10.200.110.100>",<sip:bot20@10.200.110.111>,SIP,12:00:00 AM,7,REJECTED,INVITE 401 480
7019.900824,7019.90284,10.200.110.100,"""bot40"" <sip:bot40@10.200.110.100>",<sip:bot33@10.200.110.111>,SIP,12:00:00 AM,3,REJECTED,INVITE 401
7020.036711,7397.931272,10.200.110.111,"""bot32"" <sip:bot32@10.200.110.111>",<sip:bot25@10.200.110.100:8525>,SIP,12:06:17 AM,7,COMPLETED,INVITE 200
7020.036878,7335.914674,10.200.110.111,"""bot35"" <sip:bot35@10.200.110.111>",<sip:bot33@10.200.110.100:8533>,SIP,12:05:15 AM,7,COMPLETED,INVITE 200
7139.767304,7628.380284,10.200.110.100,"""bot28"" <sip:bot28@10.200.110.100>",<sip:bot36@10.200.110.111>,SIP,12:08:08 AM,10,COMPLETED,INVITE 401 200
7139.916036,7325.418984,10.200.110.100,"""bot45"" <sip:bot45@10.200.110.100>",<sip:bot42@10.200.110.111>,SIP,12:03:05 AM,10,COMPLETED,INVITE 401 200
7139.92774,7325.425728,10.200.110.111,"""bot45"" <sip:bot45@10.200.110.111>",<sip:bot42@10.200.110.100:8542>,SIP,12:03:05 AM,7,COMPLETED,INVITE 200
7259.864427,7271.050581,10.200.110.100,"""bot42"" <sip:bot42@10.200.110.100>",<sip:bot25@10.200.110.111>,SIP,12:00:11 AM,7,REJECTED,INVITE 401 486
7259.940563,7271.045669,10.200.110.111,"""bot42"" <sip:bot42@10.200.110.111>",<sip:bot25@10.200.110.100:8525>,SIP,12:00:11 AM,4,REJECTED,INVITE 486
7379.967087,7936.355199,10.200.110.111,"""bot30"" <sip:bot30@10.200.110.111>",<sip:bot38@10.200.110.100:8538>,SIP,12:09:16 AM,7,COMPLETED,INVITE 200
7380.013341,7946.058289,10.200.110.100,"""bot25"" <sip:bot25@10.200.110.100>",<sip:bot33@10.200.110.111>,SIP,12:09:26 AM,10,COMPLETED,INVITE 401 200
7380.018937,7946.075266,10.200.110.111,"""bot25"" <sip:bot25@10.200.110.111>",<sip:bot33@10.200.110.100:8533>,SIP,12:09:26 AM,7,COMPLETED,INVITE 200
7619.90494,7619.910974,10.200.110.100,"""bot40"" <sip:bot40@10.200.110.100>",<sip:bot24@10.200.110.111>,SIP,12:00:00 AM,7,REJECTED,INVITE 401 480
7619.921595,7622.959871,10.200.110.111,"""bot32"" <sip:bot32@10.200.110.111>",<sip:bot38@10.200.110.100:8538>,SIP,12:00:03 AM,4,REJECTED,INVITE 486
7679.934571,7813.743228,10.200.110.100,"""bot41"" <sip:bot41@10.200.110.100>",<sip:bot26@10.200.110.111>,SIP,12:02:13 AM,10,COMPLETED,INVITE 401 200
7859.870004,8362.258937,10.200.110.100,"""bot27"" <sip:bot27@10.200.110.100>",<sip:bot44@10.200.110.111>,SIP,12:08:22 AM,10,COMPLETED,INVITE 401 200
7860.051279,8173.518615,10.200.110.100,"""bot39"" <sip:bot39@10.200.110.100>",<sip:bot25@10.200.110.111>,SIP,12:05:13 AM,10,COMPLETED,INVITE 401 200
7860.056976,8173.525605,10.200.110.111,"""bot39"" <sip:bot39@10.200.110.111>",<sip:bot25@10.200.110.100:8525>,SIP,12:05:13 AM,7,COMPLETED,INVITE 200
8099.79778,8586.173229,10.200.110.100,"""bot33"" <sip:bot33@10.200.110.100>",<sip:bot35@10.200.110.111>,SIP,12:08:06 AM,10,COMPLETED,INVITE 401 200
8099.826583,8099.840377,10.200.110.100,"""bot31"" <sip:bot31@10.200.110.100>",<sip:bot20@10.200.110.111>,SIP,12:00:00 AM,7,REJECTED,INVITE 401 480
8159.896586,8468.415695,10.200.110.100,"""bot38"" <sip:bot38@10.200.110.100>",<sip:bot45@10.200.110.111>,SIP,12:05:08 AM,10,COMPLETED,INVITE 401 200
8160.060106,8468.432799,10.200.110.111,"""bot38"" <sip:bot38@10.200.110.111>",<sip:bot45@10.200.110.100:8545>,SIP,12:05:08 AM,7,COMPLETED,INVITE 200
8219.875265,8472.11134,10.200.110.100,"""bot42"" <sip:bot42@10.200.110.100>",<sip:bot39@10.200.110.111>,SIP,12:04:12 AM,10,COMPLETED,INVITE 401 200
8219.887198,8472.128693,10.200.110.111,"""bot42"" <sip:bot42@10.200.110.111>",<sip:bot39@10.200.110.100:8539>,SIP,12:04:12 AM,7,COMPLETED,INVITE 200
8219.980731,8225.469121,10.200.110.100,"""bot37"" <sip:bot37@10.200.110.100>",<sip:bot32@10.200.110.111>,SIP,12:00:05 AM,7,REJECTED,INVITE 401 486
8279.908135,8279.977839,10.200.110.100,"""bot40"" <sip:bot40@10.200.110.100>",<sip:bot20@10.200.110.111>,SIP,12:00:00 AM,7,REJECTED,INVITE 401 480
8279.943868,8286.603639,10.200.110.100,"""bot41"" <sip:bot41@10.200.110.100>",<sip:bot35@10.200.110.111>,SIP,12:00:06 AM,7,REJECTED,INVITE 401 486
8280.015748,8280.020452,10.200.110.100,"""bot34"" <sip:bot34@10.200.110.100>",<sip:bot20@10.200.110.111>,SIP,12:00:00 AM,7,REJECTED,INVITE 401 480
8399.776721,8887.417436,10.200.110.100,"""bot28"" <sip:bot28@10.200.110.100>",<sip:bot29@10.200.110.111>,SIP,12:08:07 AM,10,COMPLETED,INVITE 401 200
8459.894006,8465.260663,10.200.110.111,"""bot29"" <sip:bot29@10.200.110.111>",<sip:bot45@10.200.110.100:8545>,SIP,12:00:05 AM,4,REJECTED,INVITE 486
8460.020624,9009.335797,10.200.110.100,"""bot25"" <sip:bot25@10.200.110.100>",<sip:bot38@10.200.110.111>,SIP,12:09:09 AM,12,COMPLETED,INVITE 401 200
8460.194105,9009.352227,10.200.110.111,"""bot25"" <sip:bot25@10.200.110.111>",<sip:bot38@10.200.110.100:8538>,SIP,12:09:09 AM,7,COMPLETED,INVITE 200
8519.880539,8785.036761,10.200.110.100,"""bot27"" <sip:bot27@10.200.110.100>",<sip:bot42@10.200.110.111>,SIP,12:04:25 AM,10,COMPLETED,INVITE 401 200
8519.892172,8785.054166,10.200.110.111,"""bot27"" <sip:bot27@10.200.110.111>",<sip:bot42@10.200.110.100:8542>,SIP,12:04:25 AM,7,COMPLETED,INVITE 200
8579.924507,8580.039999,10.200.110.100,"""bot45"" <sip:bot45@10.200.110.100>",<sip:bot46@10.200.110.111>,SIP,12:00:00 AM,7,REJECTED,INVITE 401 480
8579.926407,8589.060066,10.200.110.100,"""bot43"" <sip:bot43@10.200.110.100>",<sip:bot29@10.200.110.111>,SIP,12:00:09 AM,7,REJECTED,INVITE 401 486
8760.06002,9378.228436,10.200.110.100,"""bot39"" <sip:bot39@10.200.110.100>",<sip:bot43@10.200.110.111>,SIP,12:10:18 AM,10,COMPLETED,INVITE 401 200
8760.122207,9378.245877,10.200.110.111,"""bot39"" <sip:bot39@10.200.110.111>",<sip:bot43@10.200.110.100:8543>,SIP,12:10:18 AM,7,COMPLETED,INVITE 200
8819.917584,9198.848536,10.200.110.100,"""bot40"" <sip:bot40@10.200.110.100>",<sip:bot31@10.200.110.111>,SIP,12:06:18 AM,10,COMPLETED,INVITE 401 200
8820.025362,9198.855392,10.200.110.111,"""bot40"" <sip:bot40@10.200.110.111>",<sip:bot31@10.200.110.100:8531>,SIP,12:06:18 AM,7,COMPLETED,INVITE 200
8820.043415,9082.855873,10.200.110.111,"""bot44"" <sip:bot44@10.200.110.111>",<sip:bot39@10.200.110.100:8539>,SIP,12:04:22 AM,7,COMPLETED,INVITE 200
8879.905536,9006.295061,10.200.110.100,"""bot38"" <sip:bot38@10.200.110.100>",<sip:bot36@10.200.110.111>,SIP,12:02:06 AM,10,COMPLETED,INVITE 401 200
8940.029512,9013.952162,10.200.110.100,"""bot25"" <sip:bot25@10.200.110.100>",<sip:bot40@10.200.110.111>,SIP,12:01:13 AM,10,COMPLETED,INVITE 401 200
8940.129043,9013.965776,10.200.110.111,"""bot25"" <sip:bot25@10.200.110.111>",<sip:bot40@10.200.110.100:8540>,SIP,12:01:13 AM,7,COMPLETED,INVITE 200
9179.885174,9618.270312,10.200.110.100,"""bot42"" <sip:bot42@10.200.110.100>",<sip:bot34@10.200.110.111>,SIP,12:07:18 AM,10,COMPLETED,INVITE 401 200
9179.896488,9198.249011,10.200.110.111,"""bot42"" <sip:bot42@10.200.110.111>",<sip:bot34@10.200.110.100:8534>,SIP,12:00:18 AM,5,IN CALL,INVITE 200
9180.022441,9200.662326,10.200.110.100,"""bot34"" <sip:bot34@10.200.110.100>",<sip:bot36@10.200.110.111>,SIP,12:00:20 AM,8,IN CALL,INVITE 401 200
9239.915112,9239.930494,10.200.110.100,"""bot38"" <sip:bot38@10.200.110.100>",<sip:bot46@10.200.110.111>,SIP,12:00:00 AM,7,REJECTED,INVITE 401 480
9299.77848,9622.734957,10.200.110.111,"""bot26"" <sip:bot26@10.200.110.111>",<sip:bot41@10.200.110.100:8541>,SIP,12:05:22 AM,7,COMPLETED,INVITE 200
9359.806524,9978.321669,10.200.110.100,"""bot33"" <sip:bot33@10.200.110.100>",<sip:bot33@10.200.110.111>,SIP,12:10:18 AM,10,COMPLETED,INVITE 401 200
9359.817266,9978.33958,10.200.110.111,"""bot33"" <sip:bot33@10.200.110.111>",<sip:bot33@10.200.110.100:8533>,SIP,12:10:18 AM,7,COMPLETED,INVITE 200
9359.987294,9360.032369,10.200.110.100,"""bot37"" <sip:bot37@10.200.110.100>",<sip:bot49@10.200.110.111>,SIP,12:00:00 AM,7,REJECTED,INVITE 401 480
9419.835768,9419.851376,10.200.110.100,"""bot31"" <sip:bot31@10.200.110.100>",<sip:bot21@10.200.110.111>,SIP,12:00:00 AM,7,REJECTED,INVITE 401 480
9599.935201,10094.3515,10.200.110.100,"""bot43"" <sip:bot43@10.200.110.100>",<sip:bot42@10.200.110.111>,SIP,12:08:14 AM,10,COMPLETED,INVITE 401 200
9599.969617,10094.368787,10.200.110.111,"""bot43"" <sip:bot43@10.200.110.111>",<sip:bot42@10.200.110.100:8542>,SIP,12:08:14 AM,7,COMPLETED,INVITE 200
9659.929855,9667.021225,10.200.110.100,"""bot45"" <sip:bot45@10.200.110.100>",<sip:bot36@10.200.110.111>,SIP,12:00:07 AM,7,REJECTED,INVITE 401 486
9779.887615,9779.903258,10.200.110.100,"""bot27"" <sip:bot27@10.200.110.100>",<sip:bot47@10.200.110.111>,SIP,12:00:00 AM,7,REJECTED,INVITE 401 480
9779.952619,9909.44853,10.200.110.111,"""bot32"" <sip:bot32@10.200.110.111>",<sip:bot37@10.200.110.100:8537>,SIP,12:02:09 AM,7,COMPLETED,INVITE 200
9839.78551,9911.021941,10.200.110.100,"""bot28"" <sip:bot28@10.200.110.100>",<sip:bot38@10.200.110.111>,SIP,12:01:11 AM,10,COMPLETED,INVITE 401 200
9839.796784,9911.028777,10.200.110.111,"""bot28"" <sip:bot28@10.200.110.111>",<sip:bot38@10.200.110.100:8538>,SIP,12:01:11 AM,7,COMPLETED,INVITE 200
10079.92419,10451.667802,10.200.110.100,"""bot40"" <sip:bot40@10.200.110.100>",<sip:bot40@10.200.110.111>,SIP,12:06:11 AM,10,COMPLETED,INVITE 401 200
10079.949343,10080.014794,10.200.110.100,"""bot41"" <sip:bot41@10.200.110.100>",<sip:bot21@10.200.110.111>,SIP,12:00:00 AM,7,REJECTED,INVITE 401 480
10080.01848,10451.675013,10.200.110.111,"""bot40"" <sip:bot40@10.200.110.111>",<sip:bot40@10.200.110.100:8540>,SIP,12:06:11 AM,7,COMPLETED,INVITE 200
10080.066603,10080.068419,10.200.110.100,"""bot39"" <sip:bot39@10.200.110.100>",<sip:bot25@10.200.110.111>,SIP,12:00:00 AM,3,REJECTED,INVITE 401
10140.038409,10575.502013,10.200.110.100,"""bot25"" <sip:bot25@10.200.110.100>",<sip:bot38@10.200.110.111>,SIP,12:07:15 AM,12,COMPLETED,INVITE 401 200
10140.224021,10575.518644,10.200.110.111,"""bot25"" <sip:bot25@10.200.110.111>",<sip:bot38@10.200.110.100:8538>,SIP,12:07:15 AM,7,COMPLETED,INVITE 200
10199.895532,10567.186997,10.200.110.100,"""bot42"" <sip:bot42@10.200.110.100>",<sip:bot31@10.200.110.111>,SIP,12:06:07 AM,10,COMPLETED,INVITE 401 200
10199.907565,10567.193821,10.200.110.111,"""bot42"" <sip:bot42@10.200.110.111>",<sip:bot31@10.200.110.100:8531>,SIP,12:06:07 AM,7,COMPLETED,INVITE 200
10199.941841,10200.129398,10.200.110.100,"""bot43"" <sip:bot43@10.200.110.100>",<sip:bot20@10.200.110.111>,SIP,12:00:00 AM,7,REJECTED,INVITE 401 480
10319.996412,10702.482547,10.200.110.100,"""bot37"" <sip:bot37@10.200.110.100>",<sip:bot29@10.200.110.111>,SIP,12:06:22 AM,10,COMPLETED,INVITE 401 200
10379.845136,10379.950174,10.200.110.100,"""bot31"" <sip:bot31@10.200.110.100>",<sip:bot46@10.200.110.111>,SIP,12:00:00 AM,7,REJECTED,INVITE 401 480
10559.897708,10559.914548,10.200.110.100,"""bot27"" <sip:bot27@10.200.110.100>",<sip:bot24@10.200.110.111>,SIP,12:00:00 AM,7,REJECTED,INVITE 401 480
10739.935002,10822.740069,10.200.110.100,"""bot45"" <sip:bot45@10.200.110.100>",<sip:bot45@10.200.110.111>,SIP,12:01:22 AM,10,COMPLETED,INVITE 401 200
10739.939886,10822.754119,10.200.110.111,"""bot45"" <sip:bot45@10.200.110.111>",<sip:bot45@10.200.110.100:8545>,SIP,12:01:22 AM,7,COMPLETED,INVITE 200
10799.815044,10864.845887,10.200.110.100,"""bot33"" <sip:bot33@10.200.110.100>",<sip:bot37@10.200.110.111>,SIP,12:01:05 AM,10,COMPLETED,INVITE 401 200
10799.826156,10864.863175,10.200.110.111,"""bot33"" <sip:bot33@10.200.110.111>",<sip:bot37@10.200.110.100:8537>,SIP,12:01:05 AM,7,COMPLETED,INVITE 200
10799.920681,10868.26518,10.200.110.100,"""bot38"" <sip:bot38@10.200.110.100>",<sip:bot35@10.200.110.111>,SIP,12:01:08 AM,10,COMPLETED,INVITE 401 200
10799.931574,11172.893126,10.200.110.100,"""bot40"" <sip:bot40@10.200.110.100>",<sip:bot29@10.200.110.111>,SIP,12:06:12 AM,10,COMPLETED,INVITE 401 200
10979.79444,11480.696475,10.200.110.100,"""bot28"" <sip:bot28@10.200.110.100>",<sip:bot39@10.200.110.111>,SIP,12:08:20 AM,10,COMPLETED,INVITE 401 200
10979.80622,11480.714649,10.200.110.111,"""bot28"" <sip:bot28@10.200.110.111>",<sip:bot39@10.200.110.100:8539>,SIP,12:08:20 AM,7,COMPLETED,INVITE 200
10979.998325,11050.650656,10.200.110.100,"""bot37"" <sip:bot37@10.200.110.100>",<sip:bot33@10.200.110.111>,SIP,12:01:10 AM,10,COMPLETED,INVITE 401 200
10980.002743,11050.664442,10.200.110.111,"""bot37"" <sip:bot37@10.200.110.111>",<sip:bot33@10.200.110.100:8533>,SIP,12:01:10 AM,7,COMPLETED,INVITE 200
11099.904916,11099.918826,10.200.110.100,"""bot42"" <sip:bot42@10.200.110.100>",<sip:bot20@10.200.110.111>,SIP,12:00:00 AM,7,REJECTED,INVITE 401 480
11100.051493,11604.539997,10.200.110.111,"""bot44"" <sip:bot44@10.200.110.111>",<sip:bot37@10.200.110.100:8537>,SIP,12:08:24 AM,7,COMPLETED,INVITE 200
11159.854876,11223.618345,10.200.110.100,"""bot31"" <sip:bot31@10.200.110.100>",<sip:bot25@10.200.110.111>,SIP,12:01:03 AM,10,COMPLETED,INVITE 401 200
11159.865994,11223.674834,10.200.110.111,"""bot31"" <sip:bot31@10.200.110.111>",<sip:bot25@10.200.110.100:8525>,SIP,12:01:03 AM,7,COMPLETED,INVITE 200
11159.947037,11476.58512,10.200.110.100,"""bot43"" <sip:bot43@10.200.110.100>",<sip:bot40@10.200.110.111>,SIP,12:05:16 AM,10,COMPLETED,INVITE 401 200
11160.060222,11476.601754,10.200.110.111,"""bot43"" <sip:bot43@10.200.110.111>",<sip:bot40@10.200.110.100:8540>,SIP,12:05:16 AM,7,COMPLETED,INVITE 200
11340.043351,11892.189764,10.200.110.100,"""bot25"" <sip:bot25@10.200.110.100>",<sip:bot25@10.200.110.111>,SIP,12:09:12 AM,10,COMPLETED,INVITE 401 200
11340.052445,11892.198113,10.200.110.111,"""bot25"" <sip:bot25@10.200.110.111>",<sip:bot25@10.200.110.100:8525>,SIP,12:09:12 AM,7,COMPLETED,INVITE 200
11400.070921,11709.832342,10.200.110.100,"""bot39"" <sip:bot39@10.200.110.100>",<sip:bot29@10.200.110.111>,SIP,12:05:09 AM,10,COMPLETED,INVITE 401 200
11400.087258,11406.520982,10.200.110.111,"""bot32"" <sip:bot32@10.200.110.111>",<sip:bot25@10.200.110.100:8525>,SIP,12:00:06 AM,4,REJECTED,INVITE 486
11579.902525,11654.265061,10.200.110.100,"""bot27"" <sip:bot27@10.200.110.100>",<sip:bot31@10.200.110.111>,SIP,12:01:14 AM,10,COMPLETED,INVITE 401 200
11579.913686,11654.281202,10.200.110.111,"""bot27"" <sip:bot27@10.200.110.111>",<sip:bot31@10.200.110.100:8531>,SIP,12:01:14 AM,7,COMPLETED,INVITE 200
11639.954965,11639.971137,10.200.110.100,"""bot41"" <sip:bot41@10.200.110.100>",<sip:bot21@10.200.110.111>,SIP,12:00:00 AM,7,REJECTED,INVITE 401 480
11640.007577,11774.296667,10.200.110.100,"""bot37"" <sip:bot37@10.200.110.100>",<sip:bot42@10.200.110.111>,SIP,12:02:14 AM,10,COMPLETED,INVITE 401 200
11640.019426,11774.313785,10.200.110.111,"""bot37"" <sip:bot37@10.200.110.111>",<sip:bot42@10.200.110.100:8542>,SIP,12:02:14 AM,7,COMPLETED,INVITE 200
11699.939907,11777.006785,10.200.110.100,"""bot40"" <sip:bot40@10.200.110.100>",<sip:bot38@10.200.110.111>,SIP,12:01:17 AM,10,COMPLETED,INVITE 401 200
11699.950636,11777.023169,10.200.110.111,"""bot40"" <sip:bot40@10.200.110.111>",<sip:bot38@10.200.110.100:8538>,SIP,12:01:17 AM,7,COMPLETED,INVITE 200
11760.077756,12068.907735,10.200.110.100,"""bot39"" <sip:bot39@10.200.110.100>",<sip:bot27@10.200.110.111>,SIP,12:05:08 AM,10,COMPLETED,INVITE 401 200
11819.785372,12437.030358,10.200.110.100,"""bot26"" <sip:bot26@10.200.110.100>",<sip:bot35@10.200.110.111>,SIP,12:10:17 AM,10,COMPLETED,INVITE 401 200
11879.804285,11879.819575,10.200.110.100,"""bot28"" <sip:bot28@10.200.110.100>",<sip:bot23@10.200.110.111>,SIP,12:00:00 AM,7,REJECTED,INVITE 401 480
11879.944079,11879.959788,10.200.110.100,"""bot45"" <sip:bot45@10.200.110.100>",<sip:bot22@10.200.110.111>,SIP,12:00:00 AM,7,REJECTED,INVITE 401 480
11999.928768,12248.082385,10.200.110.100,"""bot38"" <sip:bot38@10.200.110.100>",<sip:bot42@10.200.110.111>,SIP,12:04:08 AM,10,COMPLETED,INVITE 401 200
12000.08648,12248.089844,10.200.110.111,"""bot38"" <sip:bot38@10.200.110.111>",<sip:bot42@10.200.110.100:8542>,SIP,12:04:08 AM,7,COMPLETED,INVITE 200
12239.913923,12312.892055,10.200.110.100,"""bot42"" <sip:bot42@10.200.110.100>",<sip:bot29@10.200.110.111>,SIP,12:01:12 AM,10,COMPLETED,INVITE 401 200
12240.046996,12240.059565,10.200.110.100,"""bot34"" <sip:bot34@10.200.110.100>",<sip:bot20@10.200.110.111>,SIP,12:00:00 AM,7,REJECTED,INVITE 401 480
12300.015186,12491.629177,10.200.110.100,"""bot37"" <sip:bot37@10.200.110.100>",<sip:bot42@10.200.110.111>,SIP,12:03:11 AM,10,COMPLETED,INVITE 401 200
12300.133618,12491.642997,10.200.110.111,"""bot37"" <sip:bot37@10.200.110.111>",<sip:bot42@10.200.110.100:8542>,SIP,12:03:11 AM,7,COMPLETED,INVITE 200
12359.925205,12554.997658,10.200.110.100,"""bot42"" <sip:bot42@10.200.110.100>",<sip:bot25@10.200.110.111>,SIP,12:03:15 AM,10,COMPLETED,INVITE 401 200
12359.936848,12555.014523,10.200.110.111,"""bot42"" <sip:bot42@10.200.110.111>",<sip:bot25@10.200.110.100:8525>,SIP,12:03:15 AM,7,COMPLETED,INVITE 200
12420.002767,12564.05405,10.200.110.111,"""bot30"" <sip:bot30@10.200.110.111>",<sip:bot45@10.200.110.100:8545>,SIP,12:02:24 AM,7,COMPLETED,INVITE 200
12539.953219,12555.201762,10.200.110.100,"""bot45"" <sip:bot45@10.200.110.100>",<sip:bot31@10.200.110.111>,SIP,12:00:15 AM,8,IN CALL,INVITE 401 200
12540.125016,12555.19617,10.200.110.111,"""bot45"" <sip:bot45@10.200.110.111>",<sip:bot31@10.200.110.100:8531>,SIP,12:00:15 AM,5,IN CALL,INVITE 200
12599.822073,12615.877586,10.200.110.100,"""bot33"" <sip:bot33@10.200.110.100>",<sip:bot33@10.200.110.111>,SIP,12:00:16 AM,8,IN CALL,INVITE 401 200
12599.83364,12615.867821,10.200.110.111,"""bot33"" <sip:bot33@10.200.110.111>",<sip:bot33@10.200.110.100:8533>,SIP,12:00:16 AM,5,IN CALL,INVITE 200
12599.954847,12600.073958,10.200.110.100,"""bot43"" <sip:bot43@10.200.110.100>",<sip:bot33@10.200.110.111>,SIP,12:00:00 AM,3,REJECTED,INVITE 401
12659.966402,12665.53427,10.200.110.111,"""bot27"" <sip:bot27@10.200.110.111>",<sip:bot39@10.200.110.100:8539>,SIP,12:00:05 AM,5,IN CALL,INVITE 200
12660.052995,12683.967242,10.200.110.111,"""bot35"" <sip:bot35@10.200.110.111>",<sip:bot37@10.200.110.100:8537>,SIP,12:00:23 AM,5,IN CALL,INVITE 200
12720.051802,12720.065905,10.200.110.100,"""bot25"" <sip:bot25@10.200.110.100>",<sip:bot46@10.200.110.111>,SIP,12:00:00 AM,7,REJECTED,INVITE 401 480
12779.862969,12779.87818,10.200.110.100,"""bot31"" <sip:bot31@10.200.110.100>",<sip:bot21@10.200.110.111>,SIP,12:00:00 AM,7,REJECTED,INVITE 401 480
12780.084256,12780.090839,10.200.110.100,"""bot39"" <sip:bot39@10.200.110.100>",<sip:bot47@10.200.110.111>,SIP,12:00:00 AM,7,REJECTED,INVITE 401 480
12839.948469,12849.17761,10.200.110.100,"""bot40"" <sip:bot40@10.200.110.100>",<sip:bot42@10.200.110.111>,SIP,12:00:09 AM,8,IN CALL,INVITE 401 200
12840.003201,12849.172331,10.200.110.111,"""bot40"" <sip:bot40@10.200.110.111>",<sip:bot42@10.200.110.100:8542>,SIP,12:00:09 AM,5,IN CALL,INVITE 200
12899.832674,12899.844927,10.200.110.100,"""bot33"" <sip:bot33@10.200.110.100>",<sip:bot23@10.200.110.111>,SIP,12:00:00 AM,7,REJECTED,INVITE 401 480
12899.924924,12902.883223,10.200.110.111,"""bot29"" <sip:bot29@10.200.110.111>",<sip:bot38@10.200.110.100:8538>,SIP,12:00:02 AM,3,CALL SETUP,INVITE
12899.961983,12899.977248,10.200.110.100,"""bot41"" <sip:bot41@10.200.110.100>",<sip:bot22@10.200.110.111>,SIP,12:00:00 AM,7,REJECTED,INVITE 401 480
